cim,szerzok,letoltes,oldal
Mimózák és krizántémok : $b Nipponföldi mesevilág,"Kúnos, Ignácz",1056,1
Magyar népdalok (Magyar remekirók 54. kötet),"Endrődi, Sándor",850,1
Petőfi Sándor összes költeményei: Hazai művészek rajzaival díszített negyedik népies kiadás,"Petőfi, Sándor",844,1
"Legszebb orosz mesék kisfiuknak, kislányoknak","Tolstoy, Leo, graf",844,1
A magyar nép művészete (1. kötet): A kalotaszegi magyar nép művészete,"Malonyay, Dezső",777,1
Don Quijote de la Mancha,"Cervantes Saavedra, Miguel de",770,1
Elegyes gyüjtések Magyarország és Erdély különböző részeiből;: Magyar népköltési gyüjtemény 1. kötet,,759,1
Török világ Magyarországon (1. rész): Történeti regény,"Jókai, Mór",732,1
Tanár úr kérem: Képek a középiskolából,"Karinthy, Frigyes",686,1
Székelyföldi gyüjtés; Magyar népköltési gyüjtemény 7. kötet,"Mailand, Oszkár",683,1
Életemből (II. rész): Igaz történetek. Örök emlékek. Humor. Utleirás.,"Jókai, Mór",674,1
Székelyföldi gyüjtés; Magyar népköltési gyüjtemény 3. kötet,"Benedek, Elek, Kriza, János, Orbán, Balázs, Sebesi, Jób",664,1
Modern költők: Külföldi antológia a költők arcképeivel,,662,1
Ipolyi Arnold népmesegyüjteménye; Magyar népköltési gyüjtemény 13. kötet,"Ipolyi, Arnold",661,1
"Magyar regék, mondák és népmesék","Mailáth, János Nepomuk Jozsef, gróf",643,1
Zágoni Mikes Kelemen törökországi levelei (1. kötet),"Mikes, Kelemen",638,1
Im-ígyen szóla Zarathustra,"Nietzsche, Friedrich Wilhelm",636,1
Hazai rejtelmek: Regény (1. kötet),"Kuthy, Lajos",632,1
"Emil, vagy a nevelésről","Rousseau, Jean-Jacques",628,1
Csongrádmegyei gyüjtés; Magyar népköltési gyüjtemény 2. kötet,"Török, Károly",621,1
"A jövő század regénye, 1. rész","Jókai, Mór",621,1
Eredeti népmesék,"Arany, László",620,1
Jocus és Momus,"Jókai, Mór",604,1
Kenyér és bor: új versek,"Kosztolányi, Dezső",600,1
Zágoni Mikes Kelemen törökországi levelei (2. kötet),"Mikes, Kelemen",594,1
Népmesék Heves- és Jász-Nagykun-Szolnok-megyéből; Magyar népköltési gyüjtemény 9. kötet,"Berze Nagy, János",593,1
Az egri csillagok (II. kötet) : $b Bornemissza Gergely élete,"Gárdonyi, Géza",593,1
Megtörtént regék: Beszélyek,"Jókai, Mór",588,1
Nippon-ország naposkertje : $b Japán népmesék,"Kúnos, Ignácz",582,1
A báróné ténsasszony: Regény,"Tolnai, Lajos",579,1
Degré Alajos novellái (3. kötet),"Degré, Alajos",579,1
Grimm testvérek összegyüjtött meséi,"Grimm, Jacob, Grimm, Wilhelm",575,1
Thury Zoltán összes művei (3. kötet): A kapitány és egyéb elbeszélések,"Thury, Zoltán",574,2
"A jövő század regénye, 2. rész","Jókai, Mór",574,2
Mire megvénülünk (1. kötet),"Jókai, Mór",573,2
Degré Alajos novellái (2. kötet),"Degré, Alajos",571,2
Antigone,Sophocles,567,2
Légy jó mindhalálig,"Móricz, Zsigmond",567,2
Egy naplopó tünődései,"Jerome, Jerome K. (Jerome Klapka)",562,2
Báró Podmaniczky Pál és a norvég Biblia: Elbeszélés a 18 nyelvü nagyapáról 77 nyelven és rovásírással,"Kutas, Ilona",561,2
Huckleberry Finn kalandjai,"Twain, Mark",560,2
Magyarhon szépségei; A legvitézebb huszár,"Jókai, Mór",555,2
Bálványos-vár: Történeti regény,"Jókai, Mór",549,2
A Pál-utcai fiúk: Regény kis diákok számára,"Molnár, Ferenc",548,2
A láthatatlan ember: Regény,"Gárdonyi, Géza",545,2
Régi magyar élet,"Móricz, Pál",543,2
A Noszty fiu esete Tóth Marival (2. kötet),"Mikszáth, Kálmán",541,2
A janicsárok végnapjai; A fehér rózsa,"Jókai, Mór",539,2
Szent Péter esernyője,"Mikszáth, Kálmán",539,2
Az egri csillagok (I. kötet) : $b Bornemissza Gergely élete,"Gárdonyi, Géza",538,2
Álomvilág: Elbeszélések,"Ambrus, Zoltán",536,2
Emlékezések,"Eötvös, Károly",535,2
Édes anyaföldem! : Egy nép s egy ember története (2. kötet),"Benedek, Elek",533,2
Gaal György magyar népmese-gyűjteménye (3. kötet),"Gaal, György",533,2
"Szabadság a hó alatt, vagy: A zöld könyv: Történelmi regény","Jókai, Mór",530,2
Görbe tükör,"Karinthy, Frigyes",530,2
Mikor a mécses már csak pislog: Elbeszélések,"Mikszáth, Kálmán",526,2
Nagy magyarok élete (2. kötet),"Benedek, Elek",524,2
Deák Ferencz és családja (1. kötet),"Eötvös, Károly",523,2
Thury Zoltán összes művei (2. kötet): Emberhalál és egyéb elbeszélések,"Thury, Zoltán",522,2
Régi magyar vitézi énekek és elegyes dalok (1. kötet),"Thaly, Kálmán",522,2
Egy haditudósító emlékei : $b 1914 november - 1915 november,"Molnár, Ferenc",520,2
Andor: Regény,"Molnár, Ferenc",518,2
Hétfalusi csángó népmesék; Magyar népköltési gyüjtemény 10. kötet,,516,2
Magyar alakok,"Eötvös, Károly",515,3
Régi magyar vitézi énekek és elegyes dalok (2. kötet),"Thaly, Kálmán",513,3
Vörösmarty életrajza,"Gyulai, Pál",513,3
A pénz legendája; Gányó Julcsa,"Justh, Zsigmond",513,3
A magyar népköltés gyöngyei: A legszebb népdalok gyüjteménye,"Benedek, Elek",510,3
A lőcsei fehér asszony (I. rész): Regény,"Jókai, Mór",510,3
Hazai rejtelmek: Regény (2. kötet),"Kuthy, Lajos",509,3
"Leányok, asszonyok","Ambrus, Zoltán",509,3
Új versek,"Ady, Endre",508,3
A leányvári boszorkány: Regény,"Lovik, Károly",508,3
Gróf Gvadányi József és Fazekas Mihály (Magyar remekirók 6. kötet),"Gvadányi, József, gróf, Fazekas, Mihály",506,3
Thury Zoltán összes művei (1. kötet): Ketty és egyéb elbeszélések,"Thury, Zoltán",505,3
A vörös postakocsi: Regény,"Krúdy, Gyula",505,3
Elbeszélések és tárcák,"Rákosi, Viktor",505,3
A vörös regina: regény,"Abonyi, Árpád",504,3
Nagyvárosi képek: Tollrajzok,"Ambrus, Zoltán",502,3
Mire megvénülünk (2. kötet),"Jókai, Mór",501,3
A kőszivű ember fiai (1. rész): Regény,"Jókai, Mór",500,3
Hagyományok (1. kötet),"Kálmány, Lajos",499,3
Két város: Regény három könyvben,"Dickens, Charles",498,3
Drakula: angol regény,"Stoker, Bram",497,3
Népdalok és mondák (3. kötet); Magyar népköltési gyüjtemény,"Erdélyi, János",493,3
Népdalok és mondák (1. kötet); Magyar népköltési gyüjtemény,"Erdélyi, János",492,3
Tündérkert: Szépasszonyok hosszú farsangja,"Móricz, Zsigmond",492,3
Furcsa emberek: Elbeszélések,"Ambrus, Zoltán",491,3
Fuimus,"Justh, Zsigmond",491,3
Tinta,"Kosztolányi, Dezső",490,3
Jegenyék alatt: Elbeszélések,"Tömörkény, István",490,3
Életemből (I. rész): Igaz történetek. Örök emlékek. Humor. Utleirás.,"Jókai, Mór",490,3
Kálozdy Béla: Regény (1. kötet),"Beöthy, Zsolt",490,3
Vadon virágai,"Jókai, Mór",489,3
"Vidéki hirek, és más elbeszélések","Móricz, Zsigmond",488,3
